SRR8236746	COLO320DM	1	25000000
SRR8236746	COLO320DM	25000001	50000000
SRR8236746	COLO320DM	50000001	75000000
SRR8236746	COLO320DM	75000001	100000000
SRR8236746	COLO320DM	100000001	125000000
SRR8236746	COLO320DM	125000001	150000000
SRR8236746	COLO320DM	150000001	175000000
SRR8236746	COLO320DM	175000001	200000000
SRR8236746	COLO320DM	200000001	225000000
SRR8236746	COLO320DM	225000001	250000000
SRR8236746	COLO320DM	250000001	275000000
SRR8236746	COLO320DM	275000001	300000000
SRR8236746	COLO320DM	300000001	325000000
SRR8236746	COLO320DM	325000001	350000000
SRR8236746	COLO320DM	350000001	375000000
SRR8236746	COLO320DM	375000001	400000000
SRR8236746	COLO320DM	400000001	425000000
SRR8236746	COLO320DM	425000001	450000000
SRR8236746	COLO320DM	450000001	475000000
SRR8236746	COLO320DM	475000001	500000000
SRR8236746	COLO320DM	500000001	525000000
SRR8236746	COLO320DM	525000001	545440241
SRR9157088	COLO320HSR	1	25000000
SRR9157088	COLO320HSR	25000001	50000000
SRR9157088	COLO320HSR	50000001	75000000
SRR9157088	COLO320HSR	75000001	100000000
SRR9157088	COLO320HSR	100000001	125000000
SRR9157088	COLO320HSR	125000001	150000000
SRR9157088	COLO320HSR	150000001	175000000
SRR9157088	COLO320HSR	175000001	200000000
SRR9157088	COLO320HSR	200000001	225000000
SRR9157088	COLO320HSR	225000001	250000000
SRR9157088	COLO320HSR	250000001	275000000
SRR9157088	COLO320HSR	275000001	300000000
SRR9157088	COLO320HSR	300000001	325000000
SRR9157088	COLO320HSR	325000001	350000000
SRR9157088	COLO320HSR	350000001	375000000
SRR9157088	COLO320HSR	375000001	400000000
SRR9157088	COLO320HSR	400000001	425000000
SRR9157088	COLO320HSR	425000001	450000000
SRR9157088	COLO320HSR	450000001	475000000
SRR9157088	COLO320HSR	475000001	500000000
SRR9157088	COLO320HSR	500000001	525000000
SRR9157088	COLO320HSR	525000001	550000000
SRR9157088	COLO320HSR	550000001	575000000
SRR9157088	COLO320HSR	575000001	600000000
SRR9157088	COLO320HSR	600000001	607769001
